{"with sidetrip and detour": {"2": 5.833333333333333}, "with sidetrip": {"2": 1.9444444444444444}, "with detour": {"2": 5.833333333333333}}