{"with sidetrip and detour": {"1": 0.0, "2": 5.706521739130435}, "with sidetrip": {"1": 0.0, "2": 1.9021739130434785}, "with detour": {"1": 0.0, "2": 5.706521739130435}}