{"with sidetrip and detour": {"2": 5.706521739130435}, "with sidetrip": {"2": 1.9021739130434785}, "with detour": {"2": 5.706521739130435}}